2024-04-23,00:04:31,i,market_return,pr,Sharpe,score,avg_score,best_score,loss,n_steps,pr_val,score_val, avg_score_val
2024-04-23,00:06:15,0,10.056173268473456,28.7169681827798,2.305064649983856,28.716968182779794,28.716968182779794,-inf,188.978759765625,5290,-10.332453825857524,3.04910287197524,3.0491028719752364, 3.0491028719752364
2024-04-23,00:06:15,Creating converter from 5 to 3
2024-04-23,00:06:55,1,10.056173268473456,-1.9488028496297272,-1.6683129391293967,-1.948802849629729,13.384082666575033,28.716968182779794,21.88045310974121,10580,-10.332453825857524,-6.254028017711533,-6.2540280177115335, -1.6024625728681485
2024-04-23,00:07:36,2,10.056173268473456,-16.236700137599613,-4.7300294640951295,-16.236700137599613,3.510488398516818,28.716968182779794,5.510398864746094,15870,-10.332453825857524,-7.3388349762602,-7.338834976260202, -3.514586707332166
2024-04-23,00:08:18,3,10.056173268473456,-15.031547800237433,-5.316097151051229,-15.031547800237433,-1.125020651171745,28.716968182779794,12.11463451385498,21160,-10.332453825857524,-7.659326445087766,-7.659326445087771, -4.5507716417710675
2024-04-23,00:09:00,4,10.056173268473456,-21.910057408323613,-5.167518553680513,-21.91005740832361,-5.282028002602118,28.716968182779794,6.44048547744751,26450,-10.332453825857524,-5.155957479890761,-5.155957479890759, -4.671808809395006
2024-04-23,00:09:42,5,10.056173268473456,-8.586913921766792,-3.139272315196585,-8.586913921766794,-5.832842322462898,28.716968182779794,104.11616516113281,31740,-10.332453825857524,-5.3842624074368235,-5.384262407436822, -4.7905510757353085
2024-04-23,00:10:25,6,10.056173268473456,-14.068813841183248,-4.650564591377506,-14.068813841183243,-7.009409682280089,28.716968182779794,6.138495922088623,37030,-10.332453825857524,-6.161533333928848,-6.161533333928844, -4.986405684048671
2024-04-23,00:11:09,7,10.056173268473456,-16.860142722271743,-5.1389634884436095,-16.860142722271746,-8.240751312279047,28.716968182779794,8.893488883972168,42320,-10.332453825857524,-3.364546531078927,-3.364546531078929, -4.783673289927453
2024-04-23,00:11:53,8,10.056173268473456,-1.286587022017538,-0.8511894068956728,-1.2865870220175424,-7.46806639113888,28.716968182779794,1.8176395893096924,47610,-10.332453825857524,-16.717794787317363,-16.71779478731736, -6.1096867896374425
2024-04-23,00:12:39,9,10.056173268473456,19.54409915427815,1.3408081009772463,19.544099154278157,-4.766849836597176,28.716968182779794,10.683305740356445,52900,-10.332453825857524,-8.452668195362333,-8.452668195362335, -6.343984930209932
2024-04-23,00:13:26,10,10.056173268473456,-0.35072355657651544,-0.38092173067363594,-0.35072355657651144,-4.3653838111407515,28.716968182779794,3.768357276916504,58190,-10.332453825857524,-10.22778923473452,-10.227789234734516, -6.6970580488030755
2024-04-23,00:14:14,11,10.056173268473456,9.091824212029941,0.6150240470415014,9.091824212029948,-3.24394980920986,28.716968182779794,1.590580701828003,63480,-10.332453825857524,-9.64208962258346,-9.642089622583455, -6.942477346618108
2024-04-23,00:15:02,12,10.056173268473456,10.51103883109754,0.8511575271990822,10.511038831097537,-2.1858737599554448,28.716968182779794,1.2331438064575195,68770,-10.332453825857524,-11.153614529662004,-11.153614529662008, -7.266410976083023
2024-04-23,00:15:51,13,10.056173268473456,8.09313302912038,0.7041722694794,8.09313302912038,-1.4516589893071716,28.716968182779794,1.0106697082519531,74060,-10.332453825857524,-12.02897725412788,-12.02897725412788, -7.606594281657656
2024-04-23,00:16:41,14,10.056173268473456,0.8818507624851701,-0.24098789706599535,0.8818507624851719,-1.2960916725210154,28.716968182779794,1.279123306274414,79350,-10.332453825857524,-11.511548188048181,-11.511548188048181, -7.866924542083691
2024-04-23,00:17:32,15,10.056173268473456,10.268423423938344,1.3207617041136548,10.268423423938344,-0.5733094789923054,28.716968182779794,0.46516671776771545,84640,-10.332453825857524,1.533060022326116,1.5330600223261115, -7.279425506808078
2024-04-23,00:18:23,16,10.056173268473456,21.49467159039482,1.842692416421791,21.494671590394816,0.7248070545010546,28.716968182779794,0.27526360750198364,89930,-10.332453825857524,-0.6716081544014929,-0.6716081544014969, -6.89073036843122
2024-04-23,00:19:14,17,10.056173268473456,-18.350430762883274,-4.063013944871277,-18.350430762883278,-0.33492837979807494,28.716968182779794,0.7546301484107971,95220,-10.332453825857524,5.166879073489872,5.166879073489881, -6.220863177213381
2024-04-23,00:20:06,18,10.056173268473456,1.4234530805568468,-0.1643261554194579,1.4234530805568397,-0.24238198714781625,28.716968182779794,0.20499497652053833,100510,-10.332453825857524,1.0486987497940303,1.0486987497940277, -5.838254654739307
2024-04-23,00:20:58,19,10.056173268473456,-15.597641849868637,-4.649907414925827,-15.597641849868637,-1.0101449802838574,28.716968182779794,0.18788960576057434,105800,-10.332453825857524,0.5719517385572637,0.5719517385572743, -5.517744335074478
2024-04-23,00:21:52,20,10.056173268473456,37.89376184735458,2.68033996991386,37.89376184735457,0.8424220115084486,28.716968182779794,0.2962217926979065,111090,-10.332453825857524,-1.232241217058605,-1.2322412170586006, -5.313672758026103
2024-04-23,00:22:46,21,10.056173268473456,14.381393724638581,0.9335240661112088,14.381393724638585,1.4578298166507275,37.89376184735457,0.5165631771087646,116380,-10.332453825857524,-0.01866884999189855,-0.01866884999189722, -5.072990762206366
2024-04-23,00:23:39,22,10.056173268473456,29.75845840024085,2.558773230449381,29.75845840024084,2.6882919289807323,37.89376184735457,0.32149451971054077,121670,-10.332453825857524,0.8437084091698521,0.8437084091698495, -4.815742972146531
2024-04-23,00:24:33,23,10.056173268473456,-0.610465095999202,-0.5870355529246055,-0.6104650959992028,2.5508437196065685,37.89376184735457,0.5260592699050903,126960,-10.332453825857524,0.4868816550436472,0.48688165504364633, -4.5948002793469405
2024-04-23,00:25:27,24,10.056173268473456,13.122540321220132,1.4066602499863257,13.122540321220129,2.9737115836711108,37.89376184735457,0.2375461757183075,132250,-10.332453825857524,-6.833243394601107,-6.833243394601112, -4.684338003957107
2024-04-23,00:26:22,25,10.056173268473456,34.22209401440899,2.0483096552335693,34.22209401440898,4.175572446391798,37.89376184735457,0.22488434612751007,137540,-10.332453825857524,-15.181749173233417,-15.181749173233413, -5.088084587390811
2024-04-23,00:27:17,26,10.056173268473456,-8.057875070738174,-1.7982225014579998,-8.057875070738177,3.7224817976092064,37.89376184735457,0.4833696186542511,142830,-10.332453825857524,-5.594191355074162,-5.594191355074159, -5.106829282490194
2024-04-23,00:28:13,27,10.056173268473456,-4.399357802734927,-1.2328548237799082,-4.399357802734926,3.4324160975969162,37.89376184735457,0.10525859892368317,148120,-10.332453825857524,-11.079035525827873,-11.079035525827877, -5.320122362609396
2024-04-23,00:29:08,28,10.056173268473456,40.79654377598205,2.4131996486057563,40.79654377598206,4.7208342934033,37.89376184735457,0.19649317860603333,153410,-10.332453825857524,-7.241585318080679,-7.241585318080681, -5.38637970590151
2024-04-23,00:30:05,29,10.056173268473456,75.11756359049507,3.9245364257575277,75.11756359049505,7.067391936639692,40.79654377598206,0.25292831659317017,158700,-10.332453825857524,-6.505927279465562,-6.505927279465567, -5.423697958353645
2024-04-23,00:31:03,30,10.056173268473456,4.95581299693415,0.19964034059017335,4.955812996934142,6.999276486971771,75.11756359049505,0.09591974318027496,163990,-10.332453825857524,-10.675096679060314,-10.675096679060317, -5.593097917086118
2024-04-23,00:32:02,31,10.056173268473456,8.383819694411265,0.4010123567774611,8.383819694411258,7.0425434622042555,75.11756359049505,0.07914372533559799,169280,-10.332453825857524,-4.095195974245991,-4.095195974245996, -5.546288481372365
2024-04-23,00:33:00,32,10.056173268473456,-14.439418390903125,-2.691816961448525,-14.439418390903128,6.391574921201001,75.11756359049505,0.8636641502380371,174570,-10.332453825857524,-11.017225868603898,-11.017225868603902, -5.712074462803623
2024-04-23,00:34:00,33,10.056173268473456,22.302979801346858,1.9978684387853243,22.302979801346865,6.859557417675879,75.11756359049505,0.1062706708908081,179860,-10.332453825857524,-11.031600280144493,-11.031600280144488, -5.86853110449012
2024-04-23,00:35:01,34,10.056173268473456,36.886152121214685,2.25930708415795,36.88615212121468,7.717460123491274,75.11756359049505,0.5880635380744934,185150,-10.332453825857524,-12.208487324029104,-12.208487324029107, -6.049672710762662
2024-04-23,00:36:02,35,10.056173268473456,51.502511229649684,2.633006027374347,51.502511229649684,8.933711543106787,75.11756359049505,0.5847674608230591,190440,-10.332453825857524,-1.3488717880128176,-1.348871788012815, -5.919094907352944
2024-04-23,00:37:05,36,10.056173268473456,12.248374322603395,1.244398306694525,12.248374322603397,9.023297023633722,75.11756359049505,0.09210507571697235,195730,-10.332453825857524,-11.299036696478515,-11.29903669647851, -6.064498739491473
2024-04-23,00:38:09,37,10.056173268473456,24.718992324893897,1.4837567075746707,24.718992324893904,9.43634163682478,75.11756359049505,0.6027108430862427,201020,-10.332453825857524,-12.148188550591922,-12.148188550591925, -6.22459583978359
2024-04-23,00:39:13,38,10.056173268473456,2.56105163264555,-0.06631629453261817,2.561051632645544,9.260052149538133,75.11756359049505,0.2579766809940338,206310,-10.332453825857524,-8.73560753254946,-8.735607532549466, -6.288980754982715
2024-04-23,00:40:18,39,10.056173268473456,84.60655858466714,2.7960979754451327,84.60655858466714,11.143714810416355,75.11756359049505,0.531578779220581,211600,-10.332453825857524,1.4632175694207161,1.4632175694207206, -6.0951757968726294
2024-04-23,00:41:23,40,10.056173268473456,7.1470575095209155,0.43821315742444267,7.14705750952092,11.046235364053052,84.60655858466714,0.11462037265300751,216890,-10.332453825857524,-1.4836640315391891,-1.4836640315391918, -5.98269990015718
2024-04-23,00:42:29,41,10.056173268473456,39.95331229300436,2.444211655116426,39.95331229300436,11.734499100456654,84.60655858466714,0.29611051082611084,222180,-10.332453825857524,-1.8646960831311121,-1.8646960831311077, -5.884652190227988
2024-04-23,00:43:36,42,10.056173268473456,52.12755659690495,2.7172159860970577,52.12755659690495,12.673872530606614,84.60655858466714,0.09547575563192368,227470,-10.332453825857524,-11.629728345585866,-11.62972834558586, -6.018258612445613
2024-04-23,00:44:41,43,10.056173268473456,15.41359073633901,1.2584247340744776,15.413590736339017,12.736138853464167,84.60655858466714,0.08649104833602905,232760,-10.332453825857524,-3.483642706660217,-3.48364270666022, -5.960653705495944
2024-04-23,00:45:46,44,10.056173268473456,11.9051975460716,0.9492435550157365,11.905197546071605,12.717673491077665,84.60655858466714,0.05832158774137497,238050,-10.332453825857524,-2.9589326202034694,-2.95893262020347, -5.893948792489446
2024-04-23,00:46:52,45,10.056173268473456,3.8407316607629305,0.12052551909884247,3.840731660762927,12.524696494766475,84.60655858466714,0.04547114670276642,243340,-10.332453825857524,-14.482439373948697,-14.482439373948694, -6.08065510947769
2024-04-23,00:48:00,46,10.056173268473456,56.987819400587966,3.367044100400893,56.987819400587966,13.4707203863797,84.60655858466714,0.4955081045627594,248630,-10.332453825857524,-3.1579508794637112,-3.157950879463712, -6.018469913094414
2024-04-23,00:49:07,47,10.056173268473456,-0.9083057861214883,-0.42687507416651305,-0.9083057861214883,13.17115734111926,84.60655858466714,0.35475558042526245,253920,-10.332453825857524,0.013328473404494723,0.013328473404484953, -5.89280744670902
2024-04-23,00:50:15,48,10.056173268473456,47.898087597730935,2.6937893791746297,47.89808759773092,13.879870203499088,84.60655858466714,0.08596541732549667,259210,-10.332453825857524,-7.284053527339518,-7.284053527339523, -5.921200223864744
2024-04-23,00:51:23,49,10.056173268473456,96.24929006574048,2.4326504570346477,96.24929006574047,15.527258600743917,84.60655858466714,0.22577258944511414,264500,-10.332453825857524,1.378093620673515,1.3780936206735248, -5.7752143469739785
2024-04-23,00:52:33,50,10.056173268473456,32.948574477068895,2.311132831772754,32.94857447706889,15.868853029691465,96.24929006574047,0.09692199528217316,269790,-10.332453825857524,-4.464176407175202,-4.464176407175202, -5.749507720703414
2024-04-23,00:53:44,51,10.056173268473456,1.1769287864225042,-0.23847118114910096,1.1769287864224935,15.586316025013216,96.24929006574047,0.1315728724002838,275080,-10.332453825857524,-1.5575670510216244,-1.5575670510216213, -5.668893477055688
2024-04-23,00:54:55,52,10.056173268473456,13.09069329085586,1.0352194557948053,13.090693290855867,15.53922880361402,96.24929006574047,0.28327593207359314,280370,-10.332453825857524,-0.5057484788161037,-0.505748478816102, -5.571475646900224
2024-04-23,00:56:07,53,10.056173268473456,45.60506967521618,2.465604151035694,45.605069675216185,16.096003634569616,96.24929006574047,0.19381114840507507,285660,-10.332453825857524,-12.967436799689125,-12.967436799689125, -5.708437890470388
2024-04-23,00:57:19,54,10.056173268473456,12.174723361661698,0.8720957530071187,12.174723361661691,16.024707629607654,96.24929006574047,0.3576936721801758,290950,-10.332453825857524,-10.899789560221674,-10.899789560221677, -5.802826102647684
2024-04-23,00:58:33,55,10.056173268473456,25.13002541865759,1.3349293368108348,25.13002541865758,16.187302590126404,96.24929006574047,0.08315779268741608,296240,-10.332453825857524,-6.802149813321501,-6.802149813321506, -5.820671168909718
2024-04-23,00:59:47,56,10.056173268473456,51.21154603037512,2.3013921588090134,51.21154603037513,16.80176300135884,96.24929006574047,0.1070059984922409,301530,-10.332453825857524,-6.485542786671406,-6.485542786671402, -5.832335583256414
2024-04-23,01:01:04,57,10.056173268473456,-6.329141152349294,-1.3118656512918254,-6.329141152349294,16.402954309053527,96.24929006574047,0.14907261729240417,306820,-10.332453825857524,-7.09184992482923,-7.0918499248292335, -5.854051347766291
2024-04-23,01:02:20,58,10.056173268473456,15.377037933217629,1.1432314049783572,15.377037933217636,16.385565895903763,96.24929006574047,0.10090605169534683,312110,-10.332453825857524,-0.584607043991825,-0.5846070439918236, -5.764738732448079
2024-04-23,01:03:36,59,10.056173268473456,32.432964560168266,2.8375029302874193,32.43296456016827,16.653022540308175,96.24929006574047,0.07180182635784149,317400,-10.332453825857524,1.957742797042461,1.9577427970424708, -5.636030706956571
2024-04-23,01:04:53,60,10.056173268473456,7.4402566337242515,0.689274049179776,7.440256633724246,16.501993591019914,96.24929006574047,0.8808133006095886,322690,-10.332453825857524,3.5416452750468785,3.541645275046889, -5.485577002333564
2024-04-23,01:06:11,61,10.056173268473456,14.37246835627699,1.3548653644284683,14.372468356276983,16.46764640981438,96.24929006574047,0.10622089356184006,327980,-10.332453825857524,1.0320481155989825,1.0320481155989825, -5.380454016560458
2024-04-23,01:07:31,62,10.056173268473456,-17.74554659961306,-3.5389617454479545,-17.745546599613064,15.924579854109185,96.24929006574047,0.32071954011917114,333270,-10.332453825857524,-13.296260943361137,-13.296260943361133, -5.506101745557294
2024-04-23,01:08:50,63,10.056173268473456,25.422961985686587,2.407740096056695,25.422961985686598,16.07299207491508,96.24929006574047,0.08091074228286743,338560,-10.332453825857524,-0.22606548534901405,-0.22606548534901094, -5.423601178991538
2024-04-23,01:10:10,64,10.056173268473456,19.818163861395966,2.4020930271228957,19.818163861395973,16.1306101023994,96.24929006574047,0.06270530074834824,343850,-10.332453825857524,0.22241717336806133,0.22241717336807199, -5.336739358186006
2024-04-23,01:11:31,65,10.056173268473456,29.853786094439894,1.828610125711215,29.853786094439897,16.338537011369716,96.24929006574047,0.04398711025714874,349140,-10.332453825857524,-6.838720823953192,-6.838720823953196, -5.359496653121871
2024-04-23,01:12:52,66,10.056173268473456,7.341999199885274,0.45745606917021636,7.341999199885265,16.20426032761622,96.24929006574047,0.8271199464797974,354430,-10.332453825857524,-6.46470781909223,-6.464707819092226, -5.375992342166205
2024-04-23,01:14:14,67,10.056173268473456,16.82511586026143,1.6883136514001966,16.82511586026142,16.213390556037467,96.24929006574047,0.08644908666610718,359720,-10.332453825857524,-4.490518628680141,-4.490518628680135, -5.362970669909057
2024-04-23,01:15:37,68,10.056173268473456,50.88390338703821,2.3365726884152362,50.8839033870382,16.715861756486753,96.24929006574047,0.1198117583990097,365010,-10.332453825857524,-12.938184689068354,-12.93818468906835, -5.4727563803316555
2024-04-23,01:17:00,69,10.056173268473456,42.63248329641161,1.9042767974785406,42.63248329641161,17.08609920705711,96.24929006574047,0.12617458403110504,370300,-10.332453825857524,-4.07403499520218,-4.074034995202183, -5.452774646258377
2024-04-23,01:18:23,70,10.056173268473456,26.66342837907072,2.399919778537951,26.66342837907071,17.220991167226316,96.24929006574047,0.2660485506057739,375590,-10.332453825857524,-10.403582610230433,-10.40358261023043, -5.522504335891787
2024-04-23,01:19:47,71,10.056173268473456,-3.792304517984746,-0.8675222231125039,-3.7923045179847463,16.929139838265048,96.24929006574047,0.12413828819990158,380880,-10.332453825857524,-4.60954270398668,-4.609542703986676, -5.509824313226438
2024-04-23,01:21:13,72,10.056173268473456,-8.609336612688512,-1.899811028456093,-8.609336612688509,16.5792976951013,96.24929006574047,0.9195610284805298,386170,-10.332453825857524,-7.9656407303627885,-7.965640730362793, -5.543465634009127
2024-04-23,01:22:39,73,10.056173268473456,47.55469216344432,2.678741709502794,47.554692163444315,16.997884106835667,96.24929006574047,0.17593719065189362,391460,-10.332453825857524,-8.076160390355158,-8.076160390355156, -5.577691238824614
2024-04-23,01:24:05,74,10.056173268473456,47.44439707231254,2.8980639213882835,47.44439707231254,17.403837613042025,96.24929006574047,0.1541646122932434,396750,-10.332453825857524,2.208431186260107,2.2084311862601, -5.473876273156818
2024-04-23,01:25:33,75,10.056173268473456,9.28731532251894,1.497683410699717,9.287315322518936,17.29704126711409,96.24929006574047,0.1365741491317749,402040,-10.332453825857524,2.3071070492477697,2.3071070492477617, -5.371494913651495
2024-04-23,01:27:01,76,10.056173268473456,39.822517637287106,2.530604262221999,39.82251763728709,17.58957992127218,96.24929006574047,0.6646485328674316,407330,-10.332453825857524,-9.68855658934581,-9.688556589345808, -5.427560649699473
2024-04-23,01:28:30,77,10.056173268473456,37.976017080815524,3.6491413683927,37.976017080815524,17.850944500240683,96.24929006574047,0.2206602841615677,412620,-10.332453825857524,-6.340387342277321,-6.3403873422773245, -5.4392635560145735
2024-04-23,01:30:01,78,10.056173268473456,31.368941521739167,3.2525787096064755,31.368941521739174,18.022058386588764,96.24929006574047,0.05547690391540527,417910,-10.332453825857524,4.8771613565523175,4.877161356552307, -5.308675898893474
2024-04-23,01:31:33,79,10.056173268473456,77.49575105198714,2.565134114893366,77.49575105198713,18.76547954490625,96.24929006574047,0.11817814409732819,423200,-10.332453825857524,-1.1503649797263815,-1.1503649797263762, -5.256697012403886
2024-04-23,01:33:04,80,10.056173268473456,11.388457147289888,0.6198814618172842,11.388457147289884,18.674405194318393,96.24929006574047,0.06992309540510178,428490,-10.332453825857524,4.740571970611618,4.740571970611612, -5.133273938539498
2024-04-23,01:34:37,81,10.056173268473456,1.439498696075936,-0.23323044637560306,1.4394986960759297,18.46422340775446,96.24929006574047,0.058968547731637955,433780,-10.332453825857524,-1.1332794705327665,-1.13327947053277, -5.084493518197952
2024-04-23,01:36:11,82,10.056173268473456,16.289116597242458,1.8010427368019153,16.28911659724247,18.43801730160371,96.24929006574047,0.03997843712568283,439070,-10.332453825857524,-9.051828514665782,-9.051828514665786, -5.132292735022865
2024-04-23,01:37:45,83,10.056173268473456,21.23437457962616,2.089038367988151,21.234374579626163,18.47130726919922,96.24929006574047,0.08339287340641022,444360,-10.332453825857524,-7.54175928598646,-7.541759285986458, -5.160976860629575
2024-04-23,01:39:19,84,10.056173268473456,10.883164697294712,1.119038674090192,10.883164697294717,18.3820350036474,96.24929006574047,0.05894697830080986,449650,-10.332453825857524,-11.42918231501736,-11.429182315017357, -5.234720454210608
2024-04-23,01:40:54,85,10.056173268473456,16.632998844742342,1.2865368614086599,16.632998844742346,18.36169737389269,96.24929006574047,0.04325558990240097,454940,-10.332453825857524,-12.70592400814692,-12.705924008146923, -5.3215949141401
2024-04-23,01:42:29,86,10.056173268473456,-9.013488861794471,-1.728537004591277,-9.013488861794471,18.047040060838814,96.24929006574047,0.08800498396158218,460230,-10.332453825857524,2.281593701027207,2.281593701027205, -5.23420194155197
2024-04-23,01:44:05,87,10.056173268473456,10.218106752314803,1.0236059786947815,10.218106752314796,17.958074909605585,96.24929006574047,0.04441604018211365,465520,-10.332453825857524,-6.092817770106896,-6.09281777010689, -5.24395893960373
2024-04-23,01:45:43,88,10.056173268473456,44.191317336915034,3.002438925730164,44.191317336915034,18.252830442496702,96.24929006574047,0.051550962030887604,470810,-10.332453825857524,-13.030928625683346,-13.030928625683345, -5.331452981020354
2024-04-23,01:47:21,89,10.056173268473456,11.241843021136312,1.0501785612051209,11.241843021136305,18.174930582259364,96.24929006574047,0.0985918939113617,476100,-10.332453825857524,2.507929123842767,2.5079291238427714, -5.244348735410764
2024-04-23,01:49:00,90,10.056173268473456,-12.2382329279771,-2.015464294402577,-12.238232927977094,17.84071999423479,96.24929006574047,0.1099221408367157,481390,-10.332453825857524,-12.916520439477509,-12.916520439477509, -5.328658314576333
2024-04-23,01:50:40,91,10.056173268473456,18.341077873676916,2.0261782549566627,18.341077873676923,17.84615866683742,96.24929006574047,0.2865440249443054,486680,-10.332453825857524,-9.429555198341443,-9.429555198341447, -5.3732332807042145
2024-04-23,01:52:21,92,10.056173268473456,66.56985802965202,2.875302097228236,66.56985802965204,18.370069412674138,96.24929006574047,1.8268086910247803,491970,-10.332453825857524,2.5114418434704744,2.5114418434704646, -5.2884518277560995
2024-04-23,01:54:02,93,10.056173268473456,-8.891208379874483,-2.6130818934993933,-8.891208379874485,18.080055819136383,96.24929006574047,0.20019911229610443,497260,-10.332453825857524,4.106448703595866,4.106448703595873, -5.188506077422567
2024-04-23,01:55:45,94,10.056173268473456,16.076119418687718,1.5899902480889716,16.076119418687725,18.058961751763242,96.24929006574047,0.06447581946849823,502550,-10.332453825857524,12.441462833836226,12.441462833836226, -5.002927457304054
2024-04-23,01:57:28,95,10.056173268473456,30.802363375256903,2.9304013697179734,30.802363375256903,18.191705518674635,96.24929006574047,0.22786441445350647,507840,-10.332453825857524,-1.29127016010524,-1.2912701601052419, -4.964264360458233
2024-04-23,01:59:12,96,10.056173268473456,50.79258113990601,2.162271608274783,50.79258113990602,18.52779701992444,96.24929006574047,0.1653883457183838,513130,-10.332453825857524,6.0900472334071365,6.090047233407134, -4.8503023852637455
2024-04-23,02:00:57,97,10.056173268473456,50.66256833627383,2.4595516984859307,50.662568336273836,18.85570284968311,96.24929006574047,0.05598264932632446,518420,-10.332453825857524,3.9480434478044613,3.9480434478044515, -4.760523346150804
2024-04-23,02:02:43,98,10.056173268473456,25.660314254093343,2.446738452013604,25.66031425409335,18.924436298212502,96.24929006574047,0.17577314376831055,523710,-10.332453825857524,-4.730913703927708,-4.730913703927712, -4.760224258855621
2024-04-23,02:04:30,99,10.056173268473456,41.77065488521552,3.2542235249930482,41.77065488521552,19.15289848408253,96.24929006574047,13.453402519226074,529000,-10.332453825857524,-9.948843228437653,-9.948843228437653, -4.812110448551442
2024-04-23,02:06:19,100,10.056173268473456,3.9791006169781262,0.15763985251065876,3.97910061697813,18.90551980842452,96.24929006574047,6.338902473449707,534290,-10.332453825857524,-10.605224338091956,-10.605224338091958, -4.948653720652114
2024-04-23,02:08:08,101,10.056173268473456,3.842434833765229,0.0947192019232479,3.8424348337652248,18.96343218525847,96.24929006574047,4.039427280426025,539580,-10.332453825857524,-0.561728106488435,-0.561728106488431, -4.891730721539883
2024-04-23,02:09:58,102,10.056173268473456,3.5021862299974282,0.06338841460817773,3.5021862299974202,19.160821048934437,96.24929006574047,3.2513089179992676,544870,-10.332453825857524,-2.6503594329480795,-2.650359432948079, -4.844845966106763
2024-04-23,02:11:50,103,10.056173268473456,-15.8267492274768,-3.4755522282291187,-15.826749227476796,19.152869034662046,96.24929006574047,0.4436545968055725,550160,-10.332453825857524,1.0006649642982035,1.0006649642981955, -4.758246052012902
2024-04-23,02:13:43,104,10.056173268473456,15.905577066362685,1.8912783483739268,15.905577066362682,19.531025379408913,96.24929006574047,0.2540181875228882,555450,-10.332453825857524,-8.46240969184542,-8.462409691845423, -4.791310574132449
2024-04-23,02:15:32,105,10.056173268473456,30.93339926703218,2.1332713460242094,30.933399267032172,19.926228511296898,96.24929006574047,0.06967700272798538,560740,-10.332453825857524,-0.09934215714916261,-0.09934215714916661, -4.7384613716295725
2024-04-23,02:17:21,106,10.056173268473456,47.529171088413904,2.6226851620810643,47.529171088413904,20.542208360592866,96.24929006574047,0.0961848571896553,566030,-10.332453825857524,-6.781669294571113,-6.781669294571117, -4.744662731235995
2024-04-23,02:19:12,107,10.056173268473456,5.51040428781735,0.5110343299660663,5.510404287817352,20.765913830693762,96.24929006574047,0.11614671349525452,571320,-10.332453825857524,-4.895129137317444,-4.89512913731744, -4.75996855729838
2024-04-23,02:21:03,108,10.056173268473456,37.63011924513109,2.436570889344628,37.630119245131084,21.15508089336525,96.24929006574047,0.20621907711029053,576610,-10.332453825857524,1.5141773032488315,1.5141773032488288, -4.577648836392719
2024-04-23,02:22:56,109,10.056173268473456,26.350105315283834,1.7479039970351784,26.350105315283827,21.223140954975307,96.24929006574047,0.11596676707267761,581900,-10.332453825857524,2.7781227335600622,2.7781227335600676, -4.465340927103495
2024-04-23,02:24:49,110,10.056173268473456,11.397477610999163,1.0525055260178042,11.397477610999161,21.340622966651054,96.24929006574047,0.0786224901676178,587190,-10.332453825857524,-11.200173781600054,-11.200173781600057, -4.475064772572149
2024-04-23,02:26:44,111,10.056173268473456,29.31140770053822,2.179461072011111,29.31140770053821,21.542818801536143,96.24929006574047,0.07312378287315369,592480,-10.332453825857524,-8.809268610435739,-8.809268610435737, -4.466736562450673
2024-04-23,02:28:39,112,10.056173268473456,-17.70625575170125,-3.888983057624001,-17.70625575170125,21.26064585570815,96.24929006574047,0.18818388879299164,597770,-10.332453825857524,-0.8897974560848176,-0.8897974560848212, -4.364098391714901
2024-04-23,02:30:37,113,10.056173268473456,-5.743757760948864,-1.3139016632018485,-5.743757760948867,21.12227694780746,96.24929006574047,0.7697775959968567,603060,-10.332453825857524,-5.745218546048947,-5.745218546048946, -4.3012608046341105
2024-04-23,02:32:36,114,10.056173268473456,21.40572277063186,1.3595501913514831,21.40572277063187,21.327515667888928,96.24929006574047,0.3335985541343689,608350,-10.332453825857524,-5.234676636553037,-5.234676636553033, -4.238492089119159
2024-04-23,02:34:36,115,10.056173268473456,29.919483234992693,2.2811431423221467,29.919483234992697,21.524026265999467,96.24929006574047,0.6912453174591064,613640,-10.332453825857524,2.2608136535160916,2.260813653516095, -4.23121455280726
2024-04-23,02:36:37,116,10.056173268473456,34.61836733974588,2.5921839178283244,34.61836733974587,21.65526322349298,96.24929006574047,0.1002083271741867,618930,-10.332453825857524,-8.801546751689425,-8.801546751689429, -4.312513938780139
2024-04-23,02:38:39,117,10.056173268473456,17.730996602365167,0.9099286160610087,17.730996602365167,22.01607749714546,96.24929006574047,0.2822890877723694,624220,-10.332453825857524,1.1936147616315562,1.193614761631551, -4.352246581898722
2024-04-23,02:40:41,118,10.056173268473456,23.737287470422164,1.933235806643824,23.73728747042216,22.23921584104412,96.24929006574047,0.37927305698394775,629510,-10.332453825857524,-9.271576027978657,-9.271576027978654, -4.4554493296764495
2024-04-23,02:42:45,119,10.056173268473456,60.827766160747096,3.3212741167774347,60.8277661607471,23.003469921150277,96.24929006574047,0.2981700301170349,634800,-10.332453825857524,0.3672646947393554,0.36726469473936163, -4.457496200114629
2024-04-23,02:44:55,120,10.056173268473456,48.623953211509075,2.374759606939087,48.623953211509075,23.110771834791823,96.24929006574047,0.040923912078142166,640090,-10.332453825857524,-16.002986703529597,-16.0029867035296, -4.605203654979339
2024-04-23,02:47:07,121,10.056173268473456,24.223928191695943,1.4180471989163104,24.223928191695947,23.209197179462393,96.24929006574047,0.08416611701250076,645380,-10.332453825857524,-9.171508750093738,-9.171508750093736, -4.696732053980356
2024-04-23,02:49:19,122,10.056173268473456,47.66102211602734,2.129501891547984,47.66102211602734,23.38822281662026,96.24929006574047,0.038936831057071686,650670,-10.332453825857524,-10.023849222262049,-10.023849222262044, -4.805407630294675
2024-04-23,02:51:32,123,10.056173268473456,74.07869373653398,2.75671674633348,74.07869373653398,24.13511440494559,96.24929006574047,0.21989421546459198,655960,-10.332453825857524,-8.642208450760835,-8.642208450760833, -4.896698531352721
2024-04-23,02:53:46,124,10.056173268473456,10.09586199934802,0.8186629375315899,10.095861999348017,24.10484762172687,96.24929006574047,0.10931680351495743,661250,-10.332453825857524,-9.937231134505009,-9.937231134505012, -4.927738408751759
2024-04-23,02:56:01,125,10.056173268473456,66.82143760877162,2.5253393336440024,66.82143760877162,24.430841057670495,96.24929006574047,0.06490176916122437,666540,-10.332453825857524,-11.111231714754188,-11.111231714754183, -4.887033234166967
2024-04-23,02:58:17,126,10.056173268473456,65.98690730006655,3.0110360479085454,65.98690730006655,25.17128888137854,96.24929006574047,0.07082659006118774,671830,-10.332453825857524,-7.9964479248354925,-7.996447924835493, -4.911055799864581
2024-04-23,03:00:32,127,10.056173268473456,10.590569841592835,0.790911823018863,10.590569841592824,25.321188157821823,96.24929006574047,0.06061798334121704,677120,-10.332453825857524,0.6846034608978702,0.6846034608978755, -4.793419409997323
2024-04-23,03:02:48,128,10.056173268473456,-7.7375700816196495,-1.2536003343032558,-7.737570081619651,24.835847019245804,96.24929006574047,0.08443625271320343,682410,-10.332453825857524,2.207646004992858,2.207646004992853, -4.698927096766588
2024-04-23,03:05:06,129,10.056173268473456,49.41727081141263,2.2349319696109307,49.417270811412635,24.57884409145498,96.24929006574047,0.0674678385257721,687700,-10.332453825857524,-8.483135183990697,-8.483135183990697, -4.718699175811839
2024-04-23,03:07:25,130,10.056173268473456,8.01139223118974,0.5665728899406973,8.011392231189731,24.609399883797536,96.24929006574047,0.07279862463474274,692990,-10.332453825857524,-9.096412469245053,-9.096412469245053, -4.702912333713686
2024-04-23,03:09:44,131,10.056173268473456,37.84997767852553,1.8266930541080064,37.84997767852553,24.904061463638683,96.24929006574047,0.24804335832595825,698280,-10.332453825857524,-8.572841934225917,-8.57284193422592, -4.747688793313485
2024-04-23,03:12:05,132,10.056173268473456,104.2952041768332,2.666653418780635,104.29520417683318,26.091407689316043,96.24929006574047,0.07828447222709656,703570,-10.332453825857524,-4.781962151660258,-4.781962151660252, -4.685336156144049
2024-04-23,03:14:27,133,10.056173268473456,23.821871377979285,1.529461983907865,23.821871377979292,26.106596605082373,104.29520417683318,1.1008920669555664,708860,-10.332453825857524,0.6392037808887308,0.6392037808887352, -4.568628115533716
2024-04-23,03:16:51,134,10.056173268473456,18.276952273345557,1.4771612645274945,18.276952273345557,25.920504606603682,104.29520417683318,0.5187848210334778,714150,-10.332453825857524,-4.51661899157223,-4.51661899157223, -4.491709432209148
2024-04-23,03:19:17,135,10.056173268473456,-16.031806314536603,-2.4150482999982117,-16.031806314536595,25.24516143116182,104.29520417683318,0.2647015452384949,719440,-10.332453825857524,-1.0217402836695255,-1.02174028366953, -4.488438117165715
2024-04-23,03:21:42,136,10.056173268473456,2.8128462977793367,-0.027512508122331015,2.8128462977793447,25.150806150913578,104.29520417683318,0.03390083089470863,724730,-10.332453825857524,-6.869749981801054,-6.86974998180105, -4.4441452500189405
2024-04-23,03:24:09,137,10.056173268473456,3.2213145999335557,0.039687170206138746,3.2213145999335637,24.935829373663974,104.29520417683318,0.12503349781036377,730020,-10.332453825857524,-4.323433405704479,-4.323433405704478, -4.365897698570067
2024-04-23,03:26:37,138,10.056173268473456,21.843557796847545,1.7824585353297668,21.84355779684755,25.128654435305993,104.29520417683318,0.026157809421420097,735310,-10.332453825857524,3.4048661959261706,3.404866195926175, -4.244492961285309
2024-04-23,03:29:06,139,10.056173268473456,62.78752337347537,2.804595451073358,62.78752337347538,24.910464083194075,104.29520417683318,0.058719880878925323,740600,-10.332453825857524,-7.764708827285149,-7.764708827285148, -4.336772225252369
2024-04-23,03:31:37,140,10.056173268473456,38.46642412058774,3.337869126184023,38.46642412058773,25.223657749304742,104.29520417683318,0.10490042716264725,745890,-10.332453825857524,-14.534455840435111,-14.534455840435115, -4.467280143341328
2024-04-23,03:34:09,141,10.056173268473456,-8.1002587105787,-1.5241396391086837,-8.1002587105787,24.74312203926891,104.29520417683318,0.05356944724917412,751180,-10.332453825857524,1.8551570521356142,1.855157052135624, -4.43008161198866
2024-04-23,03:36:42,142,10.056173268473456,-11.056479022402488,-2.075971255156217,-11.056479022402485,24.11128168307584,104.29520417683318,0.20570585131645203,756470,-10.332453825857524,-10.286974393402982,-10.286974393402986, -4.416654072466832
2024-04-23,03:39:16,143,10.056173268473456,22.274687613535484,2.215488871080361,22.274687613535477,24.179892651847805,104.29520417683318,0.30029934644699097,761760,-10.332453825857524,-9.035955184028065,-9.035955184028069, -4.47217719724051
2024-04-23,03:41:51,144,10.056173268473456,31.452552455313377,2.7876876144785694,31.452552455313366,24.37536620094022,104.29520417683318,0.12104958295822144,767050,-10.332453825857524,-8.260890800382725,-8.260890800382725, -4.525196779042303
2024-04-23,03:44:27,145,10.056173268473456,45.11299147304768,2.431108331511655,45.112991473047686,24.788088799063065,104.29520417683318,0.04455970227718353,772340,-10.332453825857524,-6.2478943277162635,-6.247894327716267, -4.442851328579978
2024-04-23,03:47:04,146,10.056173268473456,-9.970586164798956,-1.0968364677679074,-9.97058616479896,24.118504743409197,104.29520417683318,0.07163636386394501,777630,-10.332453825857524,-9.118131050303102,-9.118131050303106, -4.502453130288371
2024-04-23,03:49:42,147,10.056173268473456,31.24951984567883,2.088943156672014,31.249519845678833,24.440082999727203,104.29520417683318,0.04406660795211792,782920,-10.332453825857524,0.40543346120023305,0.40543346120023216, -4.498532080410415
2024-04-23,03:52:20,148,10.056173268473456,41.81662976724028,1.9910391075261629,41.81662976724027,24.37926842142229,104.29520417683318,0.36667510867118835,788210,-10.332453825857524,-12.870211860177383,-12.870211860177378, -4.554393663738794
2024-04-23,03:54:58,149,10.056173268473456,-0.13240393426098285,-0.686943049386643,-0.13240393426097796,23.415451481422284,104.29520417683318,0.21397793292999268,793500,-10.332453825857524,-10.553895691996761,-10.553895691996757, -4.673713556865497
2024-04-23,03:57:37,150,10.056173268473456,62.852470891642895,2.955359507711004,62.852470891642895,23.71449044556802,104.29520417683318,0.03191438317298889,798790,-10.332453825857524,-4.639979106212266,-4.639979106212266, -4.675471583855867
2024-04-23,04:00:16,151,10.056173268473456,-18.050756442834338,-2.8246261411134905,-18.05075644283434,23.522213593275453,104.29520417683318,0.06318322569131851,804080,-10.332453825857524,-11.246151691844775,-11.246151691844773, -4.7723574302640985
2024-04-23,04:02:56,152,10.056173268473456,13.912790940939557,1.1624230703002385,13.912790940939558,23.53043456977629,104.29520417683318,0.05734802410006523,809370,-10.332453825857524,-8.991505681846245,-8.991505681846249, -4.857215002294399
2024-04-23,04:05:37,153,10.056173268473456,2.9554945323002846,-0.006178106577635474,2.9554945323002784,23.103938818347125,104.29520417683318,0.19931793212890625,814660,-10.332453825857524,-9.029601761883388,-9.029601761883384, -4.817836651916342
2024-04-23,04:08:20,154,10.056173268473456,8.892433396649446,0.8599831230383779,8.892433396649452,23.071115918697,104.29520417683318,0.046694934368133545,819950,-10.332453825857524,-10.823178575907733,-10.823178575907733, -4.817070542073203
2024-04-23,04:11:04,155,10.056173268473456,-12.36858441739902,-2.2882489894093987,-12.36858441739902,22.696129820336438,104.29520417683318,0.09350308030843735,825240,-10.332453825857524,-11.253012600980039,-11.253012600980043, -4.861579169949788
2024-04-23,04:13:49,156,10.056173268473456,46.91461306186551,2.297708479538697,46.91461306186551,22.653160490651338,104.29520417683318,0.08191794157028198,830530,-10.332453825857524,-10.054562083940677,-10.05456208394068, -4.897269362922482
2024-04-23,04:16:35,157,10.056173268473456,11.194309195813723,1.1057166462987624,11.19430919581373,22.828394994132967,104.29520417683318,0.06913776695728302,835820,-10.332453825857524,-12.178967263869577,-12.17896726386958, -4.948140536312885
2024-04-23,04:19:22,158,10.056173268473456,-4.911891190016804,-0.9903786163376995,-4.911891190016803,22.62550570290063,104.29520417683318,0.04986097663640976,841110,-10.332453825857524,-5.20700668607974,-5.207006686079737, -4.994364532733765
2024-04-23,04:22:09,159,10.056173268473456,20.766264649304066,2.283180756688456,20.766264649304077,22.508838703791984,104.29520417683318,0.09484140574932098,846400,-10.332453825857524,-8.915616152501183,-8.915616152501187, -5.103098122229201
2024-04-23,04:24:57,160,10.056173268473456,7.844454620676866,0.39814727796774635,7.844454620676871,22.512880683661514,104.29520417683318,0.012800374999642372,851690,-10.332453825857524,-14.61075771503828,-14.610757715038275, -5.284622152130052
2024-04-23,04:27:47,161,10.056173268473456,-7.257657371532278,-1.5296417139289042,-7.257657371532275,22.296579426383424,104.29520417683318,0.043385688215494156,856980,-10.332453825857524,-8.49352950148119,-8.493529501481191, -5.379877928300854
2024-04-23,04:30:38,162,10.056173268473456,19.281094954851618,1.7777666250706028,19.281094954851625,22.666845841928065,104.29520417683318,0.06119372695684433,862270,-10.332453825857524,-11.778239551249303,-11.7782395512493, -5.364697714379735
2024-04-23,04:33:30,163,10.056173268473456,-1.4242057649096251,-0.529140038548251,-1.4242057649096296,22.3983741644221,104.29520417683318,0.2507994771003723,867560,-10.332453825857524,0.6185529486339991,0.6185529486340045, -5.356251530039904
2024-04-23,04:36:24,164,10.056173268473456,29.302161319322284,2.790583755836171,29.302161319322295,22.493214139001367,104.29520417683318,0.0764341652393341,872850,-10.332453825857524,-9.000146936165908,-9.000146936165905, -5.448477171135243
2024-04-23,04:39:18,165,10.056173268473456,-0.6815461921286681,-0.8098232055991651,-0.6815461921286641,22.187860816135682,104.29520417683318,0.07254575192928314,878140,-10.332453825857524,-11.281806535769423,-11.28180653576942, -5.4929080282534075
2024-04-23,04:42:13,166,10.056173268473456,48.45519767925719,2.8437741071170257,48.455197679257196,22.5989928009294,104.29520417683318,0.08453026413917542,883430,-10.332453825857524,-9.644968285625854,-9.64496828562585, -5.524710632918744
2024-04-23,04:45:09,167,10.056173268473456,25.652029430663713,2.2059587099749867,25.652029430663717,22.68726193663343,104.29520417683318,0.5317832231521606,888720,-10.332453825857524,-10.042999073897708,-10.042999073897704, -5.58023543737092
2024-04-23,04:48:06,168,10.056173268473456,5.320659226361579,0.207884722809502,5.320659226361585,22.23162949502666,104.29520417683318,0.4348672032356262,894010,-10.332453825857524,0.5809039297163476,0.5809039297163423, -5.445044551183072
2024-04-23,04:51:02,169,10.056173268473456,-8.522705779557993,-1.9531879431477255,-8.522705779557995,21.720077604266965,104.29520417683318,0.08868127316236496,899300,-10.332453825857524,-5.314323077579286,-5.314323077579289, -5.457447432006844
2024-04-23,04:53:59,170,10.056173268473456,16.97405665303522,2.2363287222139063,16.97405665303522,21.62318388700661,104.29520417683318,0.09646965563297272,904590,-10.332453825857524,-8.872516143232478,-8.872516143232474, -5.442136767336864
2024-04-23,04:56:57,171,10.056173268473456,7.856880700363811,0.5092959393688284,7.856880700363817,21.7396757391901,104.29520417683318,0.041773028671741486,909880,-10.332453825857524,-11.003350293767756,-11.003350293767753, -5.506074843234675
2024-04-23,04:59:56,172,10.056173268473456,13.768217741213086,1.3370239659821714,13.768217741213078,21.963451282729114,104.29520417683318,0.07187605649232864,915170,-10.332453825857524,-0.7681194209793407,-0.768119420979346, -5.434099630140839
2024-04-23,05:02:55,173,10.056173268473456,17.89029177106776,1.3278188983177024,17.890291771067766,21.66680727880535,104.29520417683318,0.0821460485458374,920460,-10.332453825857524,-4.01321535758089,-4.01321535758089, -5.393470179813098
2024-04-23,05:05:56,174,10.056173268473456,9.21783585381859,0.6578920654894339,9.217835853818585,21.284541666620406,104.29520417683318,0.45941030979156494,925750,-10.332453825857524,-10.332453825857524,-10.332453825857527, -5.518879029934274
2024-04-23,05:08:57,175,10.056173268473456,32.50350658512438,2.851590283023037,32.50350658512437,21.51670357924646,104.29520417683318,0.0919284075498581,931040,-10.332453825857524,-9.111013719648763,-9.111013719648767, -5.63306023762324
2024-04-23,05:12:00,176,10.056173268473456,2.8721183509826886,-0.0220872621452871,2.8721183509826886,21.147199586383422,104.29520417683318,0.13711372017860413,936330,-10.332453825857524,3.9659513716586936,3.96595137165869, -5.496515158013194
2024-04-23,05:15:04,177,10.056173268473456,3.075353677270942,0.00932736614826854,3.0753536772709396,20.79819295234797,104.29520417683318,0.15476752817630768,941620,-10.332453825857524,-1.0355780195859698,-1.0355780195859694, -5.443467064786281
2024-04-23,05:18:09,178,10.056173268473456,20.599693437273835,1.442072591541513,20.599693437273828,20.69050047150332,104.29520417683318,0.053171224892139435,946910,-10.332453825857524,-8.99098243455243,-8.990982434552436, -5.582148502697327
2024-04-23,05:21:16,179,10.056173268473456,-0.6844060715496925,-0.644999324750653,-0.684406071549688,19.90869890026795,104.29520417683318,0.07283814251422882,952200,-10.332453825857524,-10.171179116341488,-10.171179116341492, -5.672356644063479
2024-04-23,05:24:24,180,10.056173268473456,6.343192102274053,0.6040348856186535,6.34319210227406,19.858246249817793,104.29520417683318,0.09754423052072525,957490,-10.332453825857524,-0.2419887373247942,-0.24198873732478887, -5.722182251142843
2024-04-23,05:27:32,181,10.056173268473456,20.496713363339715,2.1314016666612607,20.496713363339722,20.04881839649043,104.29520417683318,0.06544439494609833,962780,-10.332453825857524,-8.002735117669335,-8.002735117669332, -5.790876807614208
2024-04-23,05:30:42,182,10.056173268473456,44.915247690105154,2.140186215152416,44.91524769010516,20.335079707419055,104.29520417683318,0.05644100159406662,968070,-10.332453825857524,-0.8575820880778462,-0.857582088077848, -5.708934343348329
2024-04-23,05:33:53,183,10.056173268473456,-4.021791259388552,-1.2335620460168644,-4.02179125938855,20.08251804902891,104.29520417683318,4.8827433586120605,973360,-10.332453825857524,0.6351314614386538,0.6351314614386467, -5.62716543587408
2024-04-23,05:37:06,184,10.056173268473456,-4.354568209311882,-1.8262139705536076,-4.3545682093118785,19.930140719962843,104.29520417683318,0.08177842199802399,978650,-10.332453825857524,-2.27481990841365,-2.2748199084136473, -5.535621811808041
2024-04-23,05:40:19,185,10.056173268473456,5.013646781972403,0.2425563911229792,5.013646781972412,19.813947199335146,104.29520417683318,0.17013202607631683,983940,-10.332453825857524,-0.6940313579290813,-0.6940313579290773, -5.4155028853058615
2024-04-23,05:43:33,186,10.056173268473456,-13.32998316733186,-2.668630744162058,-13.32998316733186,19.77078225627977,104.29520417683318,0.09580390155315399,989230,-10.332453825857524,-7.690539255287943,-7.690539255287945, -5.515224214869014
2024-04-23,05:46:48,187,10.056173268473456,-1.0020751807942485,-0.7590047294279528,-1.0020751807942503,19.65858043694868,104.29520417683318,0.04335115849971771,994520,-10.332453825857524,-6.916476806306992,-6.916476806306989, -5.523460805231014
2024-04-23,05:50:04,188,10.056173268473456,4.8175317478480695,0.403925001630911,4.817531747848079,19.26484258105801,104.29520417683318,0.2485342025756836,999810,-10.332453825857524,-12.299541759062937,-12.299541759062933, -5.51614693656481
2024-04-23,05:53:21,189,10.056173268473456,-4.591446099277629,-0.9636373628030194,-4.591446099277633,19.106509689853873,104.29520417683318,0.048065029084682465,1005100,-10.332453825857524,-3.516888838972032,-3.5168888389720365, -5.576395116192958
2024-04-23,05:56:36,190,10.056173268473456,-6.525205594632988,-1.3027141784732548,-6.525205594632993,19.163639963187308,104.29520417683318,5.583317756652832,1010390,-10.332453825857524,-11.093917230636274,-11.09391723063628, -5.558169084104546
2024-04-23,05:59:51,191,10.056173268473456,-11.948385116771886,-2.168370149123955,-11.948385116771888,18.86074533328282,104.29520417683318,1.833397626876831,1015680,-10.332453825857524,-10.775494715557542,-10.775494715557542, -5.571628479276708
2024-04-23,06:03:07,192,10.056173268473456,-18.10746101862951,-2.6870415250347413,-18.107461018629508,18.013972142800004,104.29520417683318,0.2145976424217224,1020970,-10.332453825857524,-16.414091895181883,-16.414091895181883, -5.760883816663231
2024-04-23,06:06:22,193,10.056173268473456,-2.737990604940055,-0.6420131201609409,-2.7379906049400518,18.07550432054935,104.29520417683318,0.1971861571073532,1026260,-10.332453825857524,-12.496378380556816,-12.49637838055682, -5.926912087504758
2024-04-23,06:09:37,194,10.056173268473456,-0.8144924502507811,-0.37572200314763626,-0.814492450250782,17.906598201859964,104.29520417683318,0.1938554048538208,1031550,-10.332453825857524,-11.458118160323384,-11.45811816032338, -6.1659078974463535
2024-04-23,06:12:53,195,10.056173268473456,30.31638862512056,1.8776938725677397,30.316388625120567,17.9017384543586,104.29520417683318,0.19288647174835205,1036840,-10.332453825857524,-8.84699319446145,-8.846993194461447, -6.241465127789915
2024-04-23,06:16:08,196,10.056173268473456,27.54506823394294,1.6332876657079778,27.545068233942942,17.66926332529897,104.29520417683318,0.1916002631187439,1042130,-10.332453825857524,-13.210617737578156,-13.210617737578161, -6.434471777499769
2024-04-23,06:19:25,197,10.056173268473456,21.20396927290633,1.1953822532104423,21.20396927290632,17.374677334665293,104.29520417683318,4.484644412994385,1047420,-10.332453825857524,-10.194390929974473,-10.194390929974475, -6.575896121277559
2024-04-23,06:22:41,198,10.056173268473456,68.73457585361264,2.1754487510140774,68.73457585361265,17.80541995066049,104.29520417683318,1.4235024452209473,1052710,-10.332453825857524,-9.969409586283495,-9.96940958628349, -6.628281080101115
2024-04-23,06:25:57,199,10.056173268473456,82.08907605891369,2.305178556065968,82.08907605891369,18.208604162397467,104.29520417683318,0.5323273539543152,1058000,-10.332453825857524,-9.969409586283495,-9.96940958628349, -6.6284867436795745
